{
  "exp1_training_dynamics": {
    "checkpoints": [
      0,
      8,
      64,
      512,
      2000,
      8000,
      32000,
      64000,
      128000,
      143000
    ],
    "h1_entropy_by_checkpoint_level": {
      "step0": {
        "1": 1.7120349826524064,
        "2": 1.7484397367677984,
        "3": 1.8728688921783216,
        "4": 0.7632992990530034,
        "5": 0.07007559665518695
      },
      "step8": {
        "1": 1.9567052379792726,
        "2": 1.7252373878193314,
        "3": 1.8605069042988254,
        "4": 0.6589156939378094,
        "5": 0.5684263649679133
      },
      "step64": {
        "1": 1.0964472302163735,
        "2": 0.8863089198626427,
        "3": 1.318062519678986,
        "4": 1.174164090605479,
        "5": 0.9869147501447445
      },
      "step512": {
        "1": 1.4832443655500862,
        "2": -0.0,
        "3": 1.719498842934362,
        "4": 0.8051043308503814,
        "5": 0.21404401254969335
      },
      "step2000": {
        "1": 0.0,
        "2": 0.0,
        "3": 1.6166263960282958,
        "4": 0.6681106558226918,
        "5": 1.0766293391592898
      },
      "step8000": {
        "1": -0.0,
        "2": 0.0,
        "3": 1.4740579346233202,
        "4": 1.3808532524569836,
        "5": 1.3953060428162865
      },
      "step32000": {
        "1": 0.6257055439369267,
        "2": 0.0,
        "3": 1.0454843676867225,
        "4": -0.0,
        "5": 1.517079270526996
      },
      "step64000": {
        "1": 0.6301367188714289,
        "2": 1.1793308930683588,
        "3": 1.2224054848274037,
        "4": 1.286204126950131,
        "5": 1.2058049328626583
      },
      "step128000": {
        "1": 0.6925842325004945,
        "2": 0.6034305227440933,
        "3": 0.691633287050172,
        "4": 0.9194882048381938,
        "5": 1.9818437472739936
      },
      "step143000": {
        "1": 0.627576480094578,
        "2": 0.8190534157542972,
        "3": 1.0007975897275794,
        "4": 0.9907825138009917,
        "5": 1.5389095533240706
      }
    },
    "level1_minimum_emerges_at_step": 2000,
    "random_init_nonmonotonic": true,
    "terminal_effect_transient": false
  },
  "exp2_per_head": {
    "scan_layers": [
      0,
      7,
      14,
      21,
      27
    ],
    "z_scores_by_scan_layer_head": [
      [
        1.857563625560549,
        0.17588665993790906,
        -0.17650991622966553,
        1.6778921111509844,
        -0.35896836984997754,
        -0.7057457208130397,
        -1.0292543579617035,
        -1.1375335459181923,
        -0.05550739235424978,
        0.4834666501608997,
        1.2158281728108842,
        0.06630311383221621
      ],
      [
        -0.017150415502502327,
        0.5914848330825361,
        -0.5203934397569043,
        -0.0761605875734035,
        -0.8332001218186792,
        -1.0682054552276834,
        -0.5638654727379104,
        -0.29553447425950863,
        0.44863972609197317,
        -0.00587815251425733,
        -0.15048526873958684,
        -0.39814077137187903
      ],
      [
        -0.6061993325187409,
        -0.49040578884189334,
        -0.22665446108100548,
        1.1168021032271864,
        -0.6299432120209085,
        0.5444683444721004,
        -0.7178534381959605,
        -0.3873463334421798,
        -0.9020371170768087,
        -0.8223305323568925,
        -0.13438968621758085,
        -0.9743485918421544
      ],
      [
        -0.1437604463343015,
        -0.9406600424869178,
        -1.037794500930146,
        -0.67985185804402,
        -0.6483248493768554,
        0.6870148600124945,
        0.20079560536715266,
        0.8386407972640564,
        -0.7898323497586646,
        -0.09485358511710713,
        -0.8169517928094316,
        -0.7489810869605495
      ],
      [
        -0.24090895951949218,
        -1.255950009755391,
        -0.5779774275112958,
        -1.221251324748589,
        -0.6671976132305047,
        -1.35284335391804,
        1.0374277978483517,
        -1.2069426499237887,
        -1.4995176696417951,
        0.1466696779171673,
        1.6719820969270447,
        0.09527791889764288
      ]
    ],
    "terminal_layer_zscores": [
      -0.24090895951949218,
      -1.255950009755391,
      -0.5779774275112958,
      -1.221251324748589,
      -0.6671976132305047,
      -1.35284335391804,
      1.0374277978483517,
      -1.2069426499237887,
      -1.4995176696417951,
      0.1466696779171673,
      1.6719820969270447,
      0.09527791889764288
    ],
    "top_heads": [
      {
        "layer": 27,
        "head": 10,
        "z": 1.6719820969270447
      },
      {
        "layer": 27,
        "head": 6,
        "z": 1.0374277978483517
      },
      {
        "layer": 27,
        "head": 9,
        "z": 0.1466696779171673
      }
    ],
    "bottom_heads": [
      {
        "layer": 27,
        "head": 8,
        "z": -1.4995176696417951
      },
      {
        "layer": 27,
        "head": 5,
        "z": -1.35284335391804
      },
      {
        "layer": 27,
        "head": 1,
        "z": -1.255950009755391
      }
    ],
    "n_significant_heads": 0,
    "n_actual_heads": 12,
    "concentrated_in_terminal": false
  },
  "exp3_residual_decomposition": {
    "components": [
      "pre_attn",
      "attn_out",
      "post_attn",
      "mlp_out",
      "post_mlp"
    ],
    "h1_entropy_by_component_level": {
      "pre_attn": {
        "1": 1.0444638586259134,
        "2": 0.49020318730785173,
        "3": 1.8708015819188923,
        "4": 1.5692591434961074,
        "5": 1.1345065024922076
      },
      "attn_out": {
        "1": 0.0,
        "2": 0.14467693211081128,
        "3": 1.2749972606812574,
        "4": 0.0,
        "5": 0.0
      },
      "post_attn": {
        "1": 0.0,
        "2": 0.0,
        "3": 1.7948099130754538,
        "4": 1.3818251171864444,
        "5": 0.6118462457097115
      },
      "mlp_out": {
        "1": 1.6337728586198423,
        "2": 1.3593316807372422,
        "3": 2.0277229038416427,
        "4": 1.2278633377362305,
        "5": 1.0536447404501623
      },
      "post_mlp": {
        "1": 1.0911719651136569,
        "2": 0.5681657508949329,
        "3": 2.0028203837261,
        "4": 1.7444738028407822,
        "5": 1.3622328939868393
      }
    },
    "z_scores_by_component": {
      "pre_attn": 7.6729051314051135,
      "attn_out": 2.0089902323936055,
      "post_attn": 3.453806367058719,
      "mlp_out": 3.697823667845295,
      "post_mlp": 6.702507479193574
    },
    "dominant_component": "pre_attn",
    "finding": "Structure already present before terminal layer processing \u2014 created in earlier layers."
  },
  "exp4_level1_special": {
    "level1": {
      "intrinsic_dim": 8.486526928668967,
      "isotropy": 0.9798734784126282,
      "silhouette_k2": 0.11918075382709503,
      "h1_entropy": 1.1822276061005974,
      "h0_entropy": 3.161055983414645,
      "n_problems": 25
    },
    "level5": {
      "intrinsic_dim": 15.942853391133957,
      "isotropy": 0.9671956300735474,
      "silhouette_k2": 0.6723595261573792,
      "h1_entropy": 1.2102633487787746,
      "h0_entropy": 3.0712528263239163,
      "n_problems": 25
    },
    "finding": "Level 1 has lower intrinsic dimension (8.5 vs 15.9). Level 1 is more isotropic. Level 1 is less clustered (more blob-like). Level 1 has lower H1 entropy (1.182 vs 1.210)."
  },