{
  "branch": "experiment/tda-multilingual",
  "languages": [
    "en",
    "zh",
    "es",
    "ja"
  ],
  "n_problems": 250,
  "model": "Qwen/Qwen2.5-1.5B-Instruct",
  "hidden_dim": 1536,
  "exp1_wasserstein_matrix": [
    [
      0.0,
      1746.6814823150635,
      3088.9749488830566,
      2509.2099933624268
    ],
    [
      1746.6814823150635,
      0.0,
      1361.761308670044,
      762.5285110473633
    ],
    [
      3088.9749488830566,
      1361.761308670044,
      0.0,
      605.3600330352783
    ],
    [
      2509.2099933624268,
      762.5285110473633,
      605.3600330352783,
      0.0
    ]
  ],
  "exp1_permutation_p": 0.004975124378109453,
  "exp1_z_score": 27.369579848539278,
  "exp1_closest_pair": "es-ja",
  "exp1_farthest_pair": "en-es",
  "exp1_observed_mean_wasserstein": 1679.086046218872,
  "exp1_entropies": {
    "en": {
      "H0": 5.2822660096804785,
      "H1": 4.777493838246226
    },
    "zh": {
      "H0": 5.287111909550843,
      "H1": 4.837515611688001
    },
    "es": {
      "H0": 5.276889149780015,
      "H1": 4.501830209927067
    },
    "ja": {
      "H0": 5.284730771196962,
      "H1": 4.595418502159884
    }
  },
  "exp2_mean_cross_lang_correlation": 0.9998474296158285,
  "exp2_per_pair_correlation": {
    "en-zh": 0.9998217787598925,
    "en-es": 0.9998556101106061,
    "en-ja": 0.9997787751625152,
    "zh-es": 0.9998684174885445,
    "zh-ja": 0.9998687979280305,
    "es-ja": 0.9998911982453829
  },
  "exp3_en_zh_binding": 42.09697861556602,
  "exp3_en_zh_binding_p": 0.2549019607843137,
  "exp3_en_zh_null_binding": 37.01766775218287,
  "runtime_seconds": 462.0603504180908,
  "extraction_seconds": 2.723611831665039,
  "analysis_seconds": 458.32368564605713
}