{
  "config": {
    "seed": 42,
    "max_problems": 15,
    "n_permutations": 50,
    "mode": "real"
  },
  "real_binding_scores": {
    "level1_layer23": {
      "mean": 0.6889816130544532,
      "std": 0.1610740553735809,
      "n": 15
    },
    "level1_layer24": {
      "mean": 0.7360762339599104,
      "std": 0.15413056451121732,
      "n": 15
    },
    "level1_layer25": {
      "mean": 0.6639010054402317,
      "std": 0.18911848601451883,
      "n": 15
    },
    "level1_layer26": {
      "mean": 0.6622079661948544,
      "std": 0.17450273743790884,
      "n": 15
    },
    "level1_layer27": {
      "mean": 0.6659379040484181,
      "std": 0.18599109860193522,
      "n": 15
    },
    "level2_layer23": {
      "mean": 0.6650918079682006,
      "std": 0.17096732934634654,
      "n": 15
    },
    "level2_layer24": {
      "mean": 0.6655215534886683,
      "std": 0.17332415500341986,
      "n": 15
    },
    "level2_layer25": {
      "mean": 0.63542377160163,
      "std": 0.16578824915897222,
      "n": 15
    },
    "level2_layer26": {
      "mean": 0.6536089285125936,
      "std": 0.16908556016033713,
      "n": 15
    },
    "level2_layer27": {
      "mean": 0.6274674463105151,
      "std": 0.13300941600918995,
      "n": 15
    },
    "level3_layer23": {
      "mean": 0.6080742487785262,
      "std": 0.13358642877493612,
      "n": 15
    },
    "level3_layer24": {
      "mean": 0.6260614057156054,
      "std": 0.12871573648736934,
      "n": 15
    },
    "level3_layer25": {
      "mean": 0.5821867468287688,
      "std": 0.11911778189813918,
      "n": 15
    },
    "level3_layer26": {
      "mean": 0.598696186856324,
      "std": 0.12993121314394654,
      "n": 15
    },
    "level3_layer27": {
      "mean": 0.5814379359691585,
      "std": 0.0847723892385548,
      "n": 15
    },
    "level4_layer23": {
      "mean": 0.5351066673633649,
      "std": 0.1805328480329701,
      "n": 15
    },
    "level4_layer24": {
      "mean": 0.5698247515616893,
      "std": 0.18606400214038543,
      "n": 15
    },
    "level4_layer25": {
      "mean": 0.5157009443498475,
      "std": 0.18000812199749536,
      "n": 15
    },
    "level4_layer26": {
      "mean": 0.5334144332570108,
      "std": 0.17318966313494616,
      "n": 15
    },
    "level4_layer27": {
      "mean": 0.5452374680670319,
      "std": 0.15498230111883715,
      "n": 15
    },
    "level5_layer23": {
      "mean": 0.47252999366531,
      "std": 0.15580579408258566,
      "n": 15
    },
    "level5_layer24": {
      "mean": 0.4927874316645997,
      "std": 0.16668988318866032,
      "n": 15
    },
    "level5_layer25": {
      "mean": 0.44492839516720595,
      "std": 0.1476428448131499,
      "n": 15
    },
    "level5_layer26": {
      "mean": 0.4529186547365475,
      "std": 0.1503141256945902,
      "n": 15
    },
    "level5_layer27": {
      "mean": 0.4617259439042829,
      "std": 0.10920124496896402,
      "n": 15
    }
  },
  "real_layers": [
    23,
    24,
    25,
    26,
    27
  ]
}