{
  "config": {
    "seed": 42,
    "mode": "real_aligned",
    "hidden_source": "math500_hidden_states_aligned.npz (MATH-500)",
    "attention_source": "attention_ph_diagrams.npz (MATH-500)",
    "alignment_method": "pool-index matching via identical MATH-500 source + seed=42"
  },
  "real_binding_scores": {
    "level1_layer23": {
      "mean": 0.7414546808287682,
      "std": 0.1785231522504455,
      "n": 25
    },
    "level1_layer24": {
      "mean": 0.7657210783966663,
      "std": 0.18167164664558721,
      "n": 25
    },
    "level1_layer25": {
      "mean": 0.7337446159912193,
      "std": 0.17934975697770433,
      "n": 25
    },
    "level1_layer26": {
      "mean": 0.7344278160534385,
      "std": 0.17514552473514364,
      "n": 25
    },
    "level1_layer27": {
      "mean": 0.7227492280081365,
      "std": 0.15543419966140876,
      "n": 25
    },
    "level2_layer23": {
      "mean": 0.6183504814392501,
      "std": 0.18620227621850693,
      "n": 25
    },
    "level2_layer24": {
      "mean": 0.6343229689063821,
      "std": 0.18620830489665086,
      "n": 25
    },
    "level2_layer25": {
      "mean": 0.6040010749113475,
      "std": 0.18897367938819332,
      "n": 25
    },
    "level2_layer26": {
      "mean": 0.6161272709250433,
      "std": 0.1847157168456873,
      "n": 25
    },
    "level2_layer27": {
      "mean": 0.589781198286988,
      "std": 0.15481117371314024,
      "n": 25
    },
    "level3_layer23": {
      "mean": 0.6522028448730636,
      "std": 0.1858028248179678,
      "n": 25
    },
    "level3_layer24": {
      "mean": 0.6711725904920853,
      "std": 0.19309159386772115,
      "n": 25
    },
    "level3_layer25": {
      "mean": 0.6328787245667239,
      "std": 0.1889153903503655,
      "n": 25
    },
    "level3_layer26": {
      "mean": 0.6448416555563549,
      "std": 0.1874173074032023,
      "n": 25
    },
    "level3_layer27": {
      "mean": 0.6351617739853868,
      "std": 0.1615630768501048,
      "n": 25
    },
    "level4_layer23": {
      "mean": 0.599133360623291,
      "std": 0.23025712460750283,
      "n": 25
    },
    "level4_layer24": {
      "mean": 0.6188027810367507,
      "std": 0.23655003862831125,
      "n": 25
    },
    "level4_layer25": {
      "mean": 0.5805027277500732,
      "std": 0.22608787194602298,
      "n": 25
    },
    "level4_layer26": {
      "mean": 0.5929197977294327,
      "std": 0.22972868037626695,
      "n": 25
    },
    "level4_layer27": {
      "mean": 0.5899004414433882,
      "std": 0.2004992368887988,
      "n": 25
    },
    "level5_layer23": {
      "mean": 0.4626162880334451,
      "std": 0.18915902932749307,
      "n": 25
    },
    "level5_layer24": {
      "mean": 0.4766815842696373,
      "std": 0.18986656714378747,
      "n": 25
    },
    "level5_layer25": {
      "mean": 0.44723589623027643,
      "std": 0.18714166999694704,
      "n": 25
    },
    "level5_layer26": {
      "mean": 0.4496880198838044,
      "std": 0.18545363220296954,
      "n": 25
    },
    "level5_layer27": {
      "mean": 0.4747505712516285,
      "std": 0.15777573420959837,
      "n": 25
    }
  },
  "real_layers": [
    23,
    24,
    25,
    26,
    27
  ],
  "level_means": {
    "1": 0.7396194838556458,
    "2": 0.6125165988938022,
    "3": 0.6472515178947228,
    "4": 0.5962518217165871,
    "5": 0.4621944719337584
  },
  "spearman_r": -0.8999999999999998,
  "spearman_p": 0.03738607346849874
}