{
  "method": "twonn",
  "profiles": {
    "1": [
      2557523992.751507,
      8.333638093475498,
      9.453679291253609,
      9.646226305552398,
      10.428590105908626,
      9.116244764275368,
      8.70878044348545,
      8.384348102804429,
      8.757522084351184,
      7.55994313792265,
      8.485323013922125,
      9.196445156729805,
      9.971215252479658,
      10.323816865169405,
      10.078110900792298,
      9.634926210649718,
      8.89606968764629,
      8.347416736142254,
      8.297404435536839,
      8.42019481453066,
      8.519712438930172,
      6.776979907363034,
      6.5940404082854585,
      6.3845546549644805,
      6.322777353793575,
      6.373088302994696,
      6.212253536657396,
      6.296475468135455,
      6.669437759873879
    ],
    "2": [
      0.0,
      9.285665634894244,
      9.02085467399965,
      10.28496076320501,
      11.344588174636446,
      10.431275659871556,
      10.04763119050757,
      8.993095471251152,
      9.482370869086068,
      10.414231240675411,
      10.506168051787553,
      11.738006755812322,
      13.393963900894407,
      11.571746409548613,
      11.354828779716872,
      10.866048591152943,
      10.916723611115605,
      11.635445127639711,
      10.225696829874668,
      10.692320386162233,
      11.006437303752074,
      8.88904816860277,
      8.519526132308604,
      8.595794098826094,
      8.568456615339588,
      8.13640539389056,
      8.022700005696535,
      7.593155797826867,
      7.422532065381738
    ],
    "3": [
      0.0,
      11.08168687994263,
      10.501973178434165,
      11.115885981039023,
      12.299029615361846,
      10.89935333713033,
      10.588065731837899,
      10.92667804274038,
      11.05853337344759,
      11.63102376755984,
      11.18951394307568,
      12.273113621901741,
      11.558730019540889,
      11.253361027037133,
      11.009094336533918,
      10.484729741844276,
      11.176549002260165,
      12.052865023883706,
      12.255212446953323,
      11.616902916959175,
      14.2288989664067,
      9.002559492289206,
      8.548398152698375,
      8.385887548566563,
      8.735738307104901,
      8.532056042214773,
      8.602955583469447,
      9.235486145810793,
      10.073928320953488
    ],
    "4": [
      0.0,
      9.518579979558,
      9.771803317048976,
      10.814819943217616,
      10.324858665724314,
      9.65226699563276,
      11.569393611897436,
      11.550609662529512,
      10.76140046009216,
      10.8403201881271,
      10.512476468377479,
      11.23265344897061,
      11.139167443950187,
      11.116675515733684,
      11.572021514130206,
      11.777280999332433,
      10.582735321083971,
      10.979135576804657,
      12.151506149408966,
      11.71677308323784,
      12.249531756381433,
      11.897229405730366,
      12.00427112151148,
      10.78473789258964,
      11.626585838282347,
      11.982933452383632,
      11.459851528631912,
      10.535171772849102,
      11.653322790056961
    ],
    "5": [
      0.0,
      12.590483713955386,
      11.571479308119075,
      12.963810027582758,
      13.767552704182947,
      10.316334318315123,
      12.601672074915056,
      13.37861069870203,
      12.571092498766196,
      13.877086912428076,
      13.839572582363504,
      14.266563637460234,
      14.95826647066636,
      16.86701689546104,
      17.108699569013506,
      16.225556488363466,
      14.61419523937945,
      13.90572892810977,
      14.815485862519305,
      14.087085616339893,
      14.854673310495366,
      13.16220635001656,
      12.406743083690774,
      11.043474656157027,
      10.875739252134702,
      10.367710897081537,
      10.043309195039082,
      10.171281669949337,
      12.009505900289957
    ]
  },
  "n_layers": 29,
  "levels": [
    1,
    2,
    3,
    4,
    5
  ],
  "config": {
    "seed": 42,
    "method": "twonn"
  }
}