{
  "phase5_baseline": {
    "status": "complete",
    "spearman_r": 0.9999999999999999,
    "spearman_p": 1.4042654220543602e-24,
    "wasserstein_z": 8.113099616971208,
    "wasserstein_p": 0.004975124378109453,
    "wasserstein_significant": true,
    "terminal_ratio_l1": {
      "terminal": 13.455576324462891,
      "nonterminal": 2.2586320534996362,
      "ratio": 5.957400765482875
    },
    "terminal_ratio_l5": {
      "terminal": 10.747609710693359,
      "nonterminal": 2.0667979509934136,
      "ratio": 5.2001259753172695
    }
  },
  "D1_zscore": {
    "status": "complete",
    "peak_zscore": 8.11672910413315,
    "peak_layer": 28,
    "peak_in_terminal_20pct": true,
    "terminal_layer_fraction": 1.0,
    "n_significant": 28
  },
  "D2_correctness": {
    "status": "complete",
    "overall_auroc": 0.5798372513562386,
    "overall_accuracy": 0.9122694466720128,
    "n_features": 16,
    "n_problems": 433,
    "feature_set": "summary",
    "top_feature": "H0_total_persistence",
    "per_level": {
      "1": {
        "auroc": 0.5642857142857143,
        "n": 43,
        "n_correct": 10
      },
      "2": {
        "auroc": 0.4946031746031746,
        "n": 90,
        "n_correct": 16
      },
      "3": {
        "auroc": 0.618421052631579,
        "n": 100,
        "n_correct": 8
      },
      "4": {
        "auroc": 0.7291666666666666,
        "n": 100,
        "n_correct": 3
      },
      "5": {
        "auroc": null,
        "n": 100
      }
    }
  },
  "D3_spectral": {
    "status": "complete",
    "level_1": {
      "euclidean_h1_mean": 3.085982930295114,
      "spectral_h1_mean": 1.921036662670448,
      "euclidean_h1_features_mean": 28.933333333333334,
      "spectral_h1_features_mean": 0.6,
      "spectral_richer": false
    },
    "level_5": {
      "euclidean_h1_mean": 3.2999495010006745,
      "spectral_h1_mean": 0.0,
      "euclidean_h1_features_mean": 36.2,
      "spectral_h1_features_mean": 0.13333333333333333,
      "spectral_richer": false
    }
  },
  "D5_crocker": {
    "status": "complete",
    "l1_distance_easy_hard": 43.0,
    "l1_distance_adjacent": 31.0,
    "monotonic_gradient": true,
    "max_l1_distance": 57.0
  },
  "D7_intrinsic_dim": {
    "status": "complete",
    "terminal_ids": {
      "1": 6.669437759873879,
      "2": 7.422532065381738,
      "3": 10.073928320953488,
      "4": 11.653322790056961,
      "5": 12.009505900289957
    },
    "id_increases_with_difficulty": true,
    "n_layers": 29
  },
  "D8_token_topology": {
    "status": "complete",
    "regions_with_data": [
      "instruction_prefix",
      "problem",
      "instruction_suffix"
    ],
    "signal_strength": {
      "instruction_prefix": {
        "easy_mean": 1.486041188284218,
        "hard_mean": 1.5188821089012472,
        "abs_diff": 0.03284092061702926,
        "direction": "increase"
      },
      "problem": {
        "easy_mean": 2.155032624261784,
        "hard_mean": 2.970396877584144,
        "abs_diff": 0.8153642533223602,
        "direction": "increase"
      },
      "instruction_suffix": {
        "easy_mean": 1.042461034692277,
        "hard_mean": 1.0444118869465902,
        "abs_diff": 0.00195085225431324,
        "direction": "increase"
      }
    }
  },
  "D9_compression": {
    "status": "complete",
    "terminal_layer_stats": {
      "1": {
        "layer": 28,
        "total_pers": 0,
        "n_features": 0,
        "mean_lifetime": 0
      },
      "2": {
        "layer": 28,
        "total_pers": 0,
        "n_features": 0,
        "mean_lifetime": 0
      },
      "3": {
        "layer": 28,
        "total_pers": 0,
        "n_features": 0,
        "mean_lifetime": 0
      },
      "4": {
        "layer": 28,
        "total_pers": 0,
        "n_features": 0,
        "mean_lifetime": 0
      },
      "5": {
        "layer": 28,
        "total_pers": 0,
        "n_features": 0,
        "mean_lifetime": 0
      }
    },
    "pattern": "compression"
  },
  "D6_cross_model": {
    "status": "complete",
    "n_models": 4,
    "models": [
      "qwen",
      "phi2",
      "pythia",
      "stablelm"
    ],
    "terminal_replication": {
      "qwen": {
        "peak_layer": 28,
        "peak_zscore": 8.0,
        "terminal": true
      },
      "phi2": {
        "peak_layer": 2,
        "peak_zscore": 4.22,
        "terminal": false
      },
      "pythia": {
        "peak_layer": 2,
        "peak_zscore": 2.23,
        "terminal": false
      },
      "stablelm": {
        "peak_layer": 9,
        "peak_zscore": 2.89,
        "terminal": false
      }
    },
    "n_terminal_replicated": 1,
    "n_nonmonotonic_entropy": 4,
    "h1_nonmonotonic_universal": true
  },
  "D10_binding": {
    "status": "complete",
    "mode": "real_attention",
    "per_level_binding": {
      "1": 0.6834209445395736,
      "2": 0.6494227015763215,
      "3": 0.5992913048296765,
      "4": 0.5398568529197889,
      "5": 0.4649780838275893
    },
    "easy_binding": 0.6834209445395736,
    "hard_binding": 0.4649780838275893,
    "monotonic_decrease": true,
    "note": "Binding decreases with difficulty"
  }
}