{
  "config": {
    "seed": 42,
    "n_pca": 30,
    "subsample": 100
  },
  "region_entropy": {
    "instruction_prefix": {
      "1": {
        "mean": 1.486041188284218,
        "std": 1.1699778580664162,
        "n": 200
      },
      "2": {
        "mean": 1.5216613985367105,
        "std": 1.1389498209658895,
        "n": 200
      },
      "3": {
        "mean": 1.4616664219395994,
        "std": 1.1905515240235496,
        "n": 200
      },
      "4": {
        "mean": 1.4902003191259576,
        "std": 1.1645875139704092,
        "n": 200
      },
      "5": {
        "mean": 1.5188821089012472,
        "std": 1.1343721951744332,
        "n": 200
      }
    },
    "problem": {
      "1": {
        "mean": 2.155032624261784,
        "std": 1.30570239275621,
        "n": 200
      },
      "2": {
        "mean": 2.2764155844631704,
        "std": 1.2808727578525425,
        "n": 198
      },
      "3": {
        "mean": 2.6570140984150883,
        "std": 1.1969106181069031,
        "n": 200
      },
      "4": {
        "mean": 2.8388074576353994,
        "std": 1.1180734163564943,
        "n": 200
      },
      "5": {
        "mean": 2.970396877584144,
        "std": 1.014597288839963,
        "n": 200
      }
    },
    "instruction_suffix": {
      "1": {
        "mean": 1.042461034692277,
        "std": 1.019188071777586,
        "n": 200
      },
      "2": {
        "mean": 1.0330107379593512,
        "std": 1.027255632868477,
        "n": 200
      },
      "3": {
        "mean": 1.046391286065415,
        "std": 1.0157137406697978,
        "n": 200
      },
      "4": {
        "mean": 1.0375740213938658,
        "std": 1.0226561898350046,
        "n": 200
      },
      "5": {
        "mean": 1.0444118869465902,
        "std": 1.017195190213546,
        "n": 200
      }
    }
  },
  "signal_strength": {
    "instruction_prefix": {
      "easy_mean": 1.486041188284218,
      "hard_mean": 1.5188821089012472,
      "abs_diff": 0.03284092061702926,
      "direction": "increase"
    },
    "problem": {
      "easy_mean": 2.155032624261784,
      "hard_mean": 2.970396877584144,
      "abs_diff": 0.8153642533223602,
      "direction": "increase"
    },
    "instruction_suffix": {
      "easy_mean": 1.042461034692277,
      "hard_mean": 1.0444118869465902,
      "abs_diff": 0.00195085225431324,
      "direction": "increase"
    }
  }
}