{
  "branch": "experiment/tda-multiagent",
  "config": {
    "subsample": 200,
    "n_surrogates": 50,
    "seed": 42
  },
  "exp1_flocked_binding": 93.46012888088205,
  "exp1_flocked_p": 1.0,
  "exp1_disordered_binding": 112.9772942735954,
  "exp1_disordered_p": 0.45098039215686275,
  "exp1_noise_sweep": {
    "noise_values": [
      0.05,
      0.37777777777777777,
      0.7055555555555556,
      1.0333333333333334,
      1.3611111111111112,
      1.6888888888888889,
      2.0166666666666666,
      2.344444444444444,
      2.672222222222222,
      3.0
    ],
    "binding_scores": [
      121.10662286261694,
      138.22360787502194,
      119.70418231585104,
      111.78518954808533,
      87.56270629372426,
      70.64165630564315,
      81.34959727754472,
      84.81235834712085,
      108.18512517065778,
      111.80075633894796
    ],
    "order_params": [
      0.9713196955587016,
      0.32676143645597766,
      0.1718284032914856,
      0.16156522569921394,
      0.16511591848303325,
      0.16301538323474607,
      0.16186162778545152,
      0.16485631698515896,
      0.16361264825141666,
      0.16112097158275965
    ]
  },
  "exp2_kuramoto_sweep": {
    "coupling_values": [
      0.0,
      0.3333333333333333,
      0.6666666666666666,
      1.0,
      1.3333333333333333,
      1.6666666666666665,
      2.0,
      2.333333333333333,
      2.6666666666666665,
      3.0
    ],
    "binding_scores": [
      12184.300148970062,
      14594.059836804918,
      2347.280053502926,
      1372.7644995158953,
      1691.266999378729,
      734.1894156908678,
      100.5200326856267,
      173.4879747974395,
      230.2944093325178,
      336.597710491001
    ],
    "order_params": [
      0.16633933151178618,
      0.18497416888921114,
      0.2693266024297202,
      0.3343700227525631,
      0.4930677338240329,
      0.6464544804257663,
      0.8309908814939015,
      0.890650967739533,
      0.9209589226813034,
      0.9378613549694437
    ]
  },
  "exp2_detected_kc": null,
  "exp2_known_kc": 0.6366197723675814,
  "exp3_direct_binding": 81.39076264768626,
  "exp3_indirect_binding": 73.80000276005376,
  "exp3_direct_greater": true,
  "exp4_joint_5agent_h1": 250,
  "exp4_max_pairwise_h1": 316,
  "exp4_emergent_features": 0,
  "exp1_details": {
    "flocked_binding": 93.46012888088205,
    "flocked_p": 1.0,
    "flocked_z": -3.9042560027591073,
    "flocked_order_param": 0.9223700167332985,
    "disordered_binding": 112.9772942735954,
    "disordered_p": 0.45098039215686275,
    "disordered_z": -0.05519566029854941,
    "disordered_order_param": 0.16189506440519852,
    "flocked_greater": false,
    "noise_sweep": {
      "noise_values": [
        0.05,
        0.37777777777777777,
        0.7055555555555556,
        1.0333333333333334,
        1.3611111111111112,
        1.6888888888888889,
        2.0166666666666666,
        2.344444444444444,
        2.672222222222222,
        3.0
      ],
      "binding_scores": [
        121.10662286261694,
        138.22360787502194,
        119.70418231585104,
        111.78518954808533,
        87.56270629372426,
        70.64165630564315,
        81.34959727754472,
        84.81235834712085,
        108.18512517065778,
        111.80075633894796
      ],
      "order_params": [
        0.9713196955587016,
        0.32676143645597766,
        0.1718284032914856,
        0.16156522569921394,
        0.16511591848303325,
        0.16301538323474607,
        0.16186162778545152,
        0.16485631698515896,
        0.16361264825141666,
        0.16112097158275965
      ]
    }
  },
  "exp2_details": {
    "coupling_values": [
      0.0,
      0.3333333333333333,
      0.6666666666666666,
      1.0,
      1.3333333333333333,
      1.6666666666666665,
      2.0,
      2.333333333333333,
      2.6666666666666665,
      3.0
    ],
    "binding_scores": [
      12184.300148970062,
      14594.059836804918,
      2347.280053502926,
      1372.7644995158953,
      1691.266999378729,
      734.1894156908678,
      100.5200326856267,
      173.4879747974395,
      230.2944093325178,
      336.597710491001
    ],
    "order_params": [
      0.16633933151178618,
      0.18497416888921114,
      0.2693266024297202,
      0.3343700227525631,
      0.4930677338240329,
      0.6464544804257663,
      0.8309908814939015,
      0.890650967739533,
      0.9209589226813034,
      0.9378613549694437
    ],
    "sig_k0": {
      "p_value": 0.0196078431372549,
      "z_score": 2.6412601182267412
    },
    "sig_k3": {
      "p_value": 0.9215686274509803,
      "z_score": -1.1343928629670608
    },
    "detected_kc": null,
    "known_kc": 0.6366197723675814
  },
  "exp3_details": {
    "pairs": {
      "1-2 (direct)": {
        "binding_score": 99.72610506274154,
        "p_value": 0.45098039215686275,
        "z_score": 0.37044784280481685
      },
      "2-3 (direct)": {
        "binding_score": 63.05542023263098,
        "p_value": 0.9215686274509803,
        "z_score": -1.510056354299854
      },
      "1-3 (indirect)": {
        "binding_score": 73.80000276005376,
        "p_value": 0.7254901960784313,
        "z_score": -0.7838750913584385
      }
    },
    "direct_binding_12": 99.72610506274154,
    "direct_binding_23": 63.05542023263098,
    "indirect_binding_13": 73.80000276005376,
    "mean_direct": 81.39076264768626,
    "direct_greater_than_indirect": true
  },
  "exp4_details": {
    "flocked_order_param": 0.8655354781394788,
    "joint_5agent_h1": 250,
    "joint_5agent_h1_entropy": 5.203023293092029,
    "max_pairwise_h1": 316,
    "emergent_features": 0,
    "pairwise_h1_counts": {
      "0-1": 245,
      "0-2": 238,
      "0-3": 174,
      "0-4": 247,
      "1-2": 239,
      "1-3": 220,
      "1-4": 305,
      "2-3": 248,
      "2-4": 316,
      "3-4": 229
    },
    "pairwise_h1_entropies": {
      "0-1": 5.212958834056617,
      "0-2": 5.148261025624369,
      "0-3": 4.888926371654853,
      "0-4": 5.204686831185853,
      "1-2": 5.145334220708312,
      "1-3": 5.0784735744252565,
      "1-4": 5.4002111787751375,
      "2-3": 5.219391300088866,
      "2-4": 5.4358490430191235,
      "3-4": 5.1278520544084305
    },
    "disordered_joint_h1": 160,
    "disordered_joint_h1_entropy": 4.7003426464906894
  },
  "runtime_seconds": 56.3
}